n,matrix_bytes,naive_ms,row_major_ms,speedup,max_abs_diff,naive_checksum,row_major_checksum
64,32768,0.002245,0.001652,1.359496,0.000000,238592678.656512,477185357.312762
128,131072,0.014120,0.007043,2.004944,0.000000,238251297.388397,476502594.777069
256,524288,0.066621,0.026058,2.556643,0.000000,119422532.795211,477690131.180717
384,1179648,0.158532,0.060165,2.634971,0.000000,134178889.842226,536715559.369020
512,2097152,0.824504,0.105328,7.827934,0.000000,59817686.942425,478541495.539362
768,4718592,1.505343,0.239265,6.291539,0.000000,67182338.508268,537458708.066156
1024,8388608,5.272657,0.516448,10.209469,0.000000,29860728.915497,238885831.323975
1536,18874368,16.744486,1.621474,10.326708,0.000000,16813430.697170,269014891.154722
2048,33554432,29.068683,2.856141,10.177607,0.000000,29900901.393880,239207211.151042
