n,matrix_bytes,naive_ms,row_major_ms,row_major_unrolled4_ms,speedup_row_major,speedup_row_major_unrolled4,diff_row_major,diff_row_major_unrolled4
64,32768,0.002314,0.001600,0.001203,1.446555,1.923297,0.000000,0.000000
128,131072,0.014269,0.007654,0.006074,1.864300,2.349209,0.000000,0.000000
256,524288,0.064151,0.027829,0.024155,2.305202,2.655823,0.000000,0.000000
384,1179648,0.179785,0.061953,0.052771,2.901979,3.406876,0.000000,0.000000
512,2097152,0.915173,0.132338,0.100317,6.915407,9.122776,0.000000,0.000000
768,4718592,1.691521,0.250902,0.232242,6.741767,7.283433,0.000000,0.000000
1024,8388608,5.418307,0.513825,0.535481,10.545043,10.118582,0.000000,0.000000
1536,18874368,15.865956,1.406704,1.489105,11.278815,10.654690,0.000000,0.000000
2048,33554432,56.280606,2.777973,2.825226,20.259594,19.920747,0.000000,0.000000
