n,matrix_bytes,naive_ms,row_major_ms,row_major_unrolled4_ms,speedup_row_major,speedup_row_major_unrolled4,diff_row_major,diff_row_major_unrolled4
64,32768,0.002379,0.001731,0.001223,1.374550,1.945848,0.000000,0.000000
128,131072,0.014189,0.007140,0.005770,1.987234,2.459289,0.000000,0.000000
256,524288,0.062870,0.027437,0.022990,2.291461,2.734732,0.000000,0.000000
384,1179648,0.158872,0.061481,0.052697,2.584101,3.014810,0.000000,0.000000
512,2097152,0.884909,0.105562,0.093286,8.382843,9.486010,0.000000,0.000000
768,4718592,1.445654,0.243319,0.214320,5.941399,6.745315,0.000000,0.000000
1024,8388608,5.237621,0.505124,0.422654,10.368989,12.392217,0.000000,0.000000
1536,18874368,19.342532,1.876966,1.807951,10.305212,10.698592,0.000000,0.000000
2048,33554432,31.570206,3.178951,2.974866,9.931013,10.612312,0.000000,0.000000
