n,matrix_bytes,naive_ms,row_major_ms,row_major_unrolled4_ms,speedup_row_major,speedup_row_major_unrolled4,diff_row_major,diff_row_major_unrolled4
64,32768,0.003036,0.002603,0.001974,1.166397,1.538041,0.000000,0.000000
128,131072,0.021740,0.010679,0.007805,2.035838,2.785541,0.000000,0.000000
256,524288,0.117871,0.041737,0.031798,2.824158,3.706805,0.000000,0.000000
384,1179648,0.200719,0.092629,0.070405,2.166910,2.850904,0.000000,0.000000
512,2097152,1.325131,0.165555,0.125567,8.004155,10.553219,0.000000,0.000000
768,4718592,1.544662,0.370398,0.285798,4.170273,5.404740,0.000000,0.000000
1024,8388608,7.249227,0.650013,0.501884,11.152439,14.444028,0.000000,0.000000
1536,18874368,16.459645,1.522088,1.182555,10.813860,13.918711,0.000000,0.000000
2048,33554432,65.956119,2.656099,2.085891,24.831954,31.620112,0.000000,0.000000
