n,array_bytes,naive_ms,superscalar2_ms,superscalar4_ms,pairwise_ms,speedup_superscalar2,speedup_superscalar4,speedup_pairwise,diff_superscalar2,diff_superscalar4,diff_pairwise
1024,8192,0.002366,0.001015,0.000559,0.001248,2.330504,4.232106,1.895693,0.000000000000e+00,0.000000000000e+00,0.000000000000e+00
4096,32768,0.008539,0.004086,0.002533,0.006832,2.089933,3.371826,1.249926,0.000000000000e+00,0.000000000000e+00,4.547473508865e-13
16384,131072,0.032675,0.016353,0.010194,0.032918,1.998136,3.205346,0.992619,1.818989403546e-12,0.000000000000e+00,0.000000000000e+00
65536,524288,0.129741,0.068149,0.040590,0.135567,1.903793,3.196363,0.957029,7.275957614183e-12,0.000000000000e+00,7.275957614183e-12
262144,2097152,0.525305,0.268662,0.184489,0.724889,1.955267,2.847351,0.724670,2.910383045673e-11,2.910383045673e-11,2.910383045673e-11
1048576,8388608,2.193658,1.293349,0.993391,6.306589,1.696107,2.208253,0.347836,2.328306436539e-10,0.000000000000e+00,1.164153218269e-10
4194304,33554432,8.843074,7.261696,7.183471,23.091982,1.217770,1.231031,0.382950,1.396983861923e-09,9.313225746155e-10,9.313225746155e-10
8388608,67108864,16.690526,11.955058,12.653420,45.323151,1.396106,1.319053,0.368256,4.656612873077e-09,3.725290298462e-09,4.656612873077e-09
