n,array_bytes,naive_ms,superscalar2_ms,superscalar4_ms,pairwise_ms,speedup_superscalar2,speedup_superscalar4,speedup_pairwise,diff_superscalar2,diff_superscalar4,diff_pairwise
1024,8192,0.000750,0.000323,0.000167,0.000423,2.325089,4.482503,1.772316,0.000000000000e+00,0.000000000000e+00,0.000000000000e+00
4096,32768,0.002612,0.001509,0.000773,0.001937,1.730388,3.379249,1.348439,0.000000000000e+00,0.000000000000e+00,4.547473508865e-13
16384,131072,0.010976,0.006106,0.003780,0.009853,1.797692,2.904042,1.113930,1.818989403546e-12,0.000000000000e+00,0.000000000000e+00
65536,524288,0.042617,0.021799,0.014226,0.043233,1.955031,2.995715,0.985744,7.275957614183e-12,0.000000000000e+00,7.275957614183e-12
262144,2097152,0.169808,0.086520,0.062972,0.407042,1.962642,2.696544,0.417175,2.910383045673e-11,2.910383045673e-11,2.910383045673e-11
1048576,8388608,0.750957,0.374862,0.294814,1.649962,2.003290,2.547224,0.455136,2.328306436539e-10,0.000000000000e+00,1.164153218269e-10
4194304,33554432,3.081406,2.110685,2.101967,9.923079,1.459908,1.465963,0.310529,1.396983861923e-09,9.313225746155e-10,9.313225746155e-10
8388608,67108864,6.868494,4.998914,5.768314,15.170552,1.373997,1.190728,0.452752,4.656612873077e-09,3.725290298462e-09,4.656612873077e-09
