n,array_bytes,naive_ms,superscalar2_ms,superscalar4_ms,pairwise_ms,speedup_superscalar2,speedup_superscalar4,speedup_pairwise,diff_superscalar2,diff_superscalar4,diff_pairwise
1024,8192,0.001171,0.000591,0.000306,0.000457,1.982818,3.825177,2.560585,0.000000000000e+00,0.000000000000e+00,0.000000000000e+00
4096,32768,0.004993,0.002460,0.001240,0.001966,2.030017,4.025935,2.539972,0.000000000000e+00,0.000000000000e+00,4.547473508865e-13
16384,131072,0.019871,0.009952,0.005031,0.011382,1.996712,3.949997,1.745790,1.818989403546e-12,0.000000000000e+00,0.000000000000e+00
65536,524288,0.079675,0.039881,0.019944,0.048590,1.997833,3.994947,1.639749,7.275957614183e-12,0.000000000000e+00,7.275957614183e-12
262144,2097152,0.319685,0.159518,0.088509,0.298465,2.004068,3.611879,1.071098,2.910383045673e-11,2.910383045673e-11,2.910383045673e-11
1048576,8388608,1.276215,0.638308,0.351322,1.348231,1.999372,3.632609,0.946585,2.328306436539e-10,0.000000000000e+00,1.164153218269e-10
4194304,33554432,5.156295,2.636521,1.503604,8.228707,1.955720,3.429290,0.626623,1.396983861923e-09,9.313225746155e-10,9.313225746155e-10
8388608,67108864,10.729574,6.194983,4.681572,17.715980,1.731978,2.291874,0.605644,4.656612873077e-09,3.725290298462e-09,4.656612873077e-09
