n,array_bytes,naive_ms,superscalar2_ms,superscalar4_ms,pairwise_ms,speedup_superscalar2,speedup_superscalar4,speedup_pairwise,diff_superscalar2,diff_superscalar4,diff_pairwise
1024,8192,0.000616,0.000333,0.000171,0.000533,1.849303,3.612351,1.155886,2.273736754432e-13,2.273736754432e-13,1.136868377216e-13
4096,32768,0.002708,0.001341,0.000744,0.002043,2.019006,3.637958,1.325083,4.547473508865e-13,4.547473508865e-13,0.000000000000e+00
16384,131072,0.010566,0.005477,0.003521,0.010409,1.929112,3.000713,1.015098,3.637978807092e-12,3.637978807092e-12,3.637978807092e-12
65536,524288,0.047305,0.022644,0.014536,0.043753,2.089109,3.254409,1.081171,7.275957614183e-12,7.275957614183e-12,7.275957614183e-12
262144,2097152,0.181432,0.092731,0.065947,0.338249,1.956537,2.751187,0.536387,2.910383045673e-11,5.820766091347e-11,2.910383045673e-11
1048576,8388608,0.705655,0.379622,0.305291,1.618618,1.858837,2.311418,0.435962,1.164153218269e-10,1.164153218269e-10,1.164153218269e-10
4194304,33554432,3.664419,2.697514,2.930423,7.991180,1.358443,1.250474,0.458558,4.656612873077e-10,4.656612873077e-10,4.656612873077e-10
8388608,67108864,7.133793,5.286948,5.101690,16.656185,1.349322,1.398320,0.428297,9.313225746155e-10,0.000000000000e+00,0.000000000000e+00
