n,array_bytes,naive_ms,superscalar4_ms,pairwise_ms,speedup_superscalar4,speedup_pairwise,diff_superscalar4,diff_pairwise
1024,8192,0.000610,0.000165,0.000577,3.702918,1.057846,2.273736754432e-13,1.136868377216e-13
4096,32768,0.002652,0.000708,0.002348,3.748542,1.129362,4.547473508865e-13,0.000000000000e+00
16384,131072,0.010782,0.003554,0.011565,3.034096,0.932332,3.637978807092e-12,3.637978807092e-12
65536,524288,0.042485,0.014453,0.068363,2.939514,0.621456,7.275957614183e-12,7.275957614183e-12
262144,2097152,0.166860,0.064034,0.366467,2.605796,0.455322,5.820766091347e-11,2.910383045673e-11
1048576,8388608,0.677773,0.288817,1.688145,2.346722,0.401490,1.164153218269e-10,1.164153218269e-10
4194304,33554432,3.060167,2.134251,7.867383,1.433836,0.388969,4.656612873077e-10,4.656612873077e-10
8388608,67108864,6.485060,6.496103,13.770608,0.998300,0.470935,0.000000000000e+00,0.000000000000e+00
