n,array_bytes,naive_ms,superscalar2_ms,superscalar4_ms,pairwise_ms,speedup_superscalar2,speedup_superscalar4,speedup_pairwise,diff_superscalar2,diff_superscalar4,diff_pairwise
1024,8192,0.000879,0.000437,0.000232,0.000494,2.013528,3.782662,1.779305,0.000000000000e+00,0.000000000000e+00,0.000000000000e+00
4096,32768,0.003682,0.001826,0.000954,0.002101,2.016414,3.859548,1.752468,0.000000000000e+00,0.000000000000e+00,4.547473508865e-13
16384,131072,0.014649,0.007359,0.003827,0.009219,1.990555,3.828003,1.589039,1.818989403546e-12,0.000000000000e+00,0.000000000000e+00
65536,524288,0.059804,0.029508,0.015424,0.039763,2.026737,3.877409,1.504029,7.275957614183e-12,0.000000000000e+00,7.275957614183e-12
262144,2097152,0.237273,0.118453,0.061373,0.290955,2.003110,3.866107,0.815499,2.910383045673e-11,2.910383045673e-11,2.910383045673e-11
1048576,8388608,0.959793,0.474628,0.255036,1.169739,2.022198,3.763357,0.820519,2.328306436539e-10,0.000000000000e+00,1.164153218269e-10
4194304,33554432,3.860151,2.043320,1.521183,5.060711,1.889156,2.537597,0.762769,1.396983861923e-09,9.313225746155e-10,9.313225746155e-10
8388608,67108864,8.238081,4.055658,3.018976,11.601031,2.031257,2.728767,0.710116,4.656612873077e-09,3.725290298462e-09,4.656612873077e-09
